Source 1 for reservation system with id 1,Source1
Source 2 for reservation system with id 1,Source2
Source 3 for reservation system with id 1,Source3
Source 1 for reservation system with id 2,Source4
Source 1 for reservation system with id 3,Source5
Source 2 for reservation system with id 3,Source6
Source 3 for reservation system with id 3,Source7
Source 4 for reservation system with id 3,Source8
Source 1 for reservation system with id 4,Source9
Source 2 for reservation system with id 4,Source10
Source 3 for reservation system with id 4,Source11
Source 4 for reservation system with id 4,Source12
Source 1 for reservation system with id 5,Source13
Source 2 for reservation system with id 5,Source14
Source 3 for reservation system with id 5,Source15
Source 1 for reservation system with id 6,Source16
Source 2 for reservation system with id 6,Source17
Source 3 for reservation system with id 6,Source18
Source 4 for reservation system with id 6,Source19
Source 1 for reservation system with id 7,Source20
Source 2 for reservation system with id 7,Source21
Source 3 for reservation system with id 7,Source22
Source 4 for reservation system with id 7,Source23
Source 1 for reservation system with id 8,Source24
Source 2 for reservation system with id 8,Source25
Source 1 for reservation system with id 9,Source26
Source 2 for reservation system with id 9,Source27
Source 3 for reservation system with id 9,Source28
Source 1 for reservation system with id 10,Source29
Source 2 for reservation system with id 10,Source30
